[{"id":13,"type":"Normal","name":"Wrap"},{"id":14,"type":"Normal","name":"Hyper Beam"},{"id":16,"type":"Dark","name":"Dark Pulse"},{"id":18,"type":"Poison","name":"Sludge"},{"id":20,"type":"Normal","name":"Vice Grip"},{"id":21,"type":"Fire","name":"Flame Wheel"},{"id":22,"type":"Bug","name":"Megahorn"},{"id":24,"type":"Fire","name":"Flamethrower"},{"id":26,"type":"Ground","name":"Dig"},{"id":28,"type":"Fighting","name":"Cross Chop"},{"id":30,"type":"Psychic","name":"Psybeam"},{"id":31,"type":"Ground","name":"Earthquake"},{"id":32,"type":"Rock","name":"Stone Edge"},{"id":33,"type":"Ice","name":"Ice Punch"},{"id":34,"type":"Psychic","name":"Heart Stamp"},{"id":35,"type":"Electric","name":"Discharge"},{"id":36,"type":"Steel","name":"Flash Cannon"},{"id":38,"type":"Flying","name":"Drill Peck"},{"id":39,"type":"Ice","name":"Ice Beam"},{"id":40,"type":"Ice","name":"Blizzard"},{"id":42,"type":"Fire","name":"Heat Wave"},{"id":45,"type":"Flying","name":"Aerial Ace"},{"id":46,"type":"Ground","name":"Drill Run"},{"id":47,"type":"Grass","name":"Petal Blizzard"},{"id":48,"type":"Grass","name":"Mega Drain"},{"id":49,"type":"Bug","name":"Bug Buzz"},{"id":50,"type":"Poison","name":"Poison Fang"},{"id":51,"type":"Dark","name":"Night Slash"},{"id":53,"type":"Water","name":"Bubble Beam"},{"id":54,"type":"Fighting","name":"Submission"},{"id":56,"type":"Fighting","name":"Low Sweep"},{"id":57,"type":"Water","name":"Aqua Jet"},{"id":58,"type":"Water","name":"Aqua Tail"},{"id":59,"type":"Grass","name":"Seed Bomb"},{"id":60,"type":"Psychic","name":"Psyshock"},{"id":62,"type":"Rock","name":"Ancient Power"},{"id":63,"type":"Rock","name":"Rock Tomb"},{"id":64,"type":"Rock","name":"Rock Slide"},{"id":65,"type":"Rock","name":"Power Gem"},{"id":66,"type":"Ghost","name":"Shadow Sneak"},{"id":67,"type":"Ghost","name":"Shadow Punch"},{"id":69,"type":"Ghost","name":"Ominous Wind"},{"id":70,"type":"Ghost","name":"Shadow Ball"},{"id":72,"type":"Steel","name":"Magnet Bomb"},{"id":74,"type":"Steel","name":"Iron Head"},{"id":75,"type":"Electric","name":"Parabolic Charge"},{"id":77,"type":"Electric","name":"Thunder Punch"},{"id":78,"type":"Electric","name":"Thunder"},{"id":79,"type":"Electric","name":"Thunderbolt"},{"id":80,"type":"Dragon","name":"Twister"},{"id":82,"type":"Dragon","name":"Dragon Pulse"},{"id":83,"type":"Dragon","name":"Dragon Claw"},{"id":84,"type":"Fairy","name":"Disarming Voice"},{"id":85,"type":"Fairy","name":"Draining Kiss"},{"id":86,"type":"Fairy","name":"Dazzling Gleam"},{"id":87,"type":"Fairy","name":"Moonblast"},{"id":88,"type":"Fairy","name":"Play Rough"},{"id":89,"type":"Poison","name":"Cross Poison"},{"id":90,"type":"Poison","name":"Sludge Bomb"},{"id":91,"type":"Poison","name":"Sludge Wave"},{"id":92,"type":"Poison","name":"Gunk Shot"},{"id":94,"type":"Ground","name":"Bone Club"},{"id":95,"type":"Ground","name":"Bulldoze"},{"id":96,"type":"Ground","name":"Mud Bomb"},{"id":99,"type":"Bug","name":"Signal Beam"},{"id":100,"type":"Bug","name":"X Scissor"},{"id":101,"type":"Fire","name":"Flame Charge"},{"id":102,"type":"Fire","name":"Flame Burst"},{"id":103,"type":"Fire","name":"Fire Blast"},{"id":104,"type":"Water","name":"Brine"},{"id":105,"type":"Water","name":"Water Pulse"},{"id":106,"type":"Water","name":"Scald"},{"id":107,"type":"Water","name":"Hydro Pump"},{"id":108,"type":"Psychic","name":"Psychic"},{"id":109,"type":"Psychic","name":"Psystrike"},{"id":111,"type":"Ice","name":"Icy Wind"},{"id":114,"type":"Grass","name":"Giga Drain"},{"id":115,"type":"Fire","name":"Fire Punch"},{"id":116,"type":"Grass","name":"Solar Beam"},{"id":117,"type":"Grass","name":"Leaf Blade"},{"id":118,"type":"Grass","name":"Power Whip"},{"id":121,"type":"Flying","name":"Air Cutter"},{"id":122,"type":"Flying","name":"Hurricane"},{"id":123,"type":"Fighting","name":"Brick Break"},{"id":125,"type":"Normal","name":"Swift"},{"id":126,"type":"Normal","name":"Horn Attack"},{"id":127,"type":"Normal","name":"Stomp"},{"id":129,"type":"Normal","name":"Hyper Fang"},{"id":131,"type":"Normal","name":"Body Slam"},{"id":132,"type":"Normal","name":"Rest"},{"id":133,"type":"Normal","name":"Struggle"},{"id":134,"type":"Water","name":"Scald Blastoise"},{"id":135,"type":"Water","name":"Hydro Pump Blastoise"},{"id":136,"type":"Normal","name":"Wrap Green"},{"id":137,"type":"Normal","name":"Wrap Pink"},{"id":200,"name":"Fury Cutter"},{"id":201,"name":"Bug Bite"},{"id":202,"name":"Bite"},{"id":203,"name":"Sucker Punch"},{"id":204,"name":"Dragon Breath"},{"id":205,"name":"Thunder Shock"},{"id":206,"name":"Spark"},{"id":207,"name":"Low Kick"},{"id":208,"name":"Karate Chop"},{"id":209,"name":"Ember"},{"id":210,"name":"Wing Attack"},{"id":211,"name":"Peck"},{"id":212,"name":"Lick"},{"id":213,"name":"Shadow Claw"},{"id":214,"name":"Vine Whip"},{"id":215,"name":"Razor Leaf"},{"id":216,"name":"Mud Shot"},{"id":217,"name":"Ice Shard"},{"id":218,"name":"Frost Breath"},{"id":219,"name":"Quick Attack"},{"id":220,"name":"Scratch"},{"id":221,"name":"Tackle"},{"id":222,"name":"Pound"},{"id":223,"name":"Cut"},{"id":224,"name":"Poison Jab"},{"id":225,"name":"Acid"},{"id":226,"name":"Psycho Cut"},{"id":227,"name":"Rock Throw"},{"id":228,"name":"Metal Claw"},{"id":229,"name":"Bullet Punch"},{"id":230,"name":"Water Gun"},{"id":231,"name":"Splash"},{"id":232,"name":"Water Gun Blastoise"},{"id":233,"name":"Mud Slap"},{"id":234,"name":"Zen Headbutt"},{"id":235,"name":"Confusion"},{"id":236,"name":"Poison Sting"},{"id":237,"name":"Bubble"},{"id":238,"name":"Feint Attack"},{"id":239,"name":"Steel Wing"},{"id":240,"name":"Fire Fang"},{"id":241,"name":"Rock Smash"}]
